-- start tables creation
create table USERS (MATRICULE TEXT constraint USERS_pk primary key,MAIL TEXT not null, PASSWORD TEXT not null);
create table USER_GROUPS (ID INTEGER primary key autoincrement, NAME TEXT);
create table USER_IN_GROUP (MATRICULE TEXT not null references USERS, GROUP_ID INTEGER not null references USER_GROUPS(ID), primary key (MATRICULE, GROUP_ID));
-- endtables creation
-- start users table data
INSERT INTO USERS (MATRICULE, MAIL, PASSWORD) VALUES ('P070039', 'n.hendrikx@helmo.be', '8d969eef6ecad3c29a3a629280e686cf0c3f5d5a86aff3ca12020c923adc6c92');
INSERT INTO USERS (MATRICULE, MAIL, PASSWORD) VALUES ('P180039', 'd.lauwers@helmo.be', '2cb4b1431b84ec15d35ed83bb927e27e8967d75f4bcd9cc4b25c8d879ae23e18');
INSERT INTO USERS (MATRICULE, MAIL, PASSWORD) VALUES ('P100077', 'c.lorquet@helmo.be', '5e884898da28047151d0e56f8dc6292773603d0d6aabbdd62a11ef721d1542d8');
INSERT INTO USERS (MATRICULE, MAIL, PASSWORD) VALUES ('P021234', 'l.swinnen@helmo.be', '5e884898da28047151d0e56f8dc6292773603d0d6aabbdd62a11ef721d1542d8');
INSERT INTO USERS (MATRICULE, MAIL, PASSWORD) VALUES ('P051234', 'd.bayers@helmo.be', '1e65dd734926e634e5e9b36bcbd1d6a6248b626fd2d2a6458f1e29b04fabaf3b');
INSERT INTO USERS (MATRICULE, MAIL, PASSWORD) VALUES ('P981234', 'c.mathy@helmo.be', 'de77a8cd25c430bbbf84b7d7b1dbc3f62a17ecec5b9620a042e78c75d2700449');
-- end users table data
-- start groups table data
INSERT INTO USER_GROUPS (ID, NAME) VALUES (1, 'ADMIN');
INSERT INTO USER_GROUPS (ID, NAME) VALUES (2, 'TEACHER');
INSERT INTO USER_GROUPS (ID, NAME) VALUES (3, 'LEADER');
-- end groups table data
-- start user in group data
INSERT INTO USER_IN_GROUP (MATRICULE, GROUP_ID) VALUES ('P070039', 3);
INSERT INTO USER_IN_GROUP (MATRICULE, GROUP_ID) VALUES ('P180039', 2);
INSERT INTO USER_IN_GROUP (MATRICULE, GROUP_ID) VALUES ('P100077', 2);
INSERT INTO USER_IN_GROUP (MATRICULE, GROUP_ID) VALUES ('P021234', 1);
INSERT INTO USER_IN_GROUP (MATRICULE, GROUP_ID) VALUES ('P021234', 3);
INSERT INTO USER_IN_GROUP (MATRICULE, GROUP_ID) VALUES ('P051234', 1);
INSERT INTO USER_IN_GROUP (MATRICULE, GROUP_ID) VALUES ('P981234', 3);
INSERT INTO USER_IN_GROUP (MATRICULE, GROUP_ID) VALUES ('P981234', 2);
-- end user in group data